product name,url,variant,availabily,price
Fauteuil relax inclinable avec repose-pieds en similicuir design Aurora,https://www.produceshop.fr/meubles-interieur/fauteuils-relax/fauteuils-inclinables/fauteuil-relax-inclinable-avec-repose-pieds-en-similicuir-design-aurora#/5-Couleur-Gris,Gris,True,179.95
Fauteuil relax inclinable avec repose-pieds en similicuir design Aurora,https://www.produceshop.fr/meubles-interieur/fauteuils-relax/fauteuils-inclinables/fauteuil-relax-inclinable-avec-repose-pieds-en-similicuir-design-aurora#/7-Couleur-Beige,Beige,True,179.95
Fauteuil relax inclinable avec repose-pieds en similicuir design Aurora,https://www.produceshop.fr/meubles-interieur/fauteuils-relax/fauteuils-inclinables/fauteuil-relax-inclinable-avec-repose-pieds-en-similicuir-design-aurora#/11-Couleur-Noir,Noir,Dans plus de 3 mois,189.95
Fauteuil relax inclinable avec repose-pieds en similicuir design Aurora,https://www.produceshop.fr/meubles-interieur/fauteuils-relax/fauteuils-inclinables/fauteuil-relax-inclinable-avec-repose-pieds-en-similicuir-design-aurora#/17-Couleur-Marron,Marron,True,179.95
Canapé convertible 3 places clic clac en tissu inclinable design nordique Malibu,https://www.produceshop.fr/meubles-interieur/canapes-et-canapes-convertibles/canape-convertible-3-places/clic-clac-3-places-en-tissu/canape-lit-3-places-clic-clac-en-tissu-inclinable-design-nordique-malibu#/5-Couleur-Gris,Gris,True,199.95
Canapé convertible 3 places clic clac en tissu inclinable design nordique Malibu,https://www.produceshop.fr/meubles-interieur/canapes-et-canapes-convertibles/canape-convertible-3-places/clic-clac-3-places-en-tissu/canape-lit-3-places-clic-clac-en-tissu-inclinable-design-nordique-malibu#/7-Couleur-Beige,Beige,Lundi 13 Mai,199.95
Canapé convertible 3 places clic clac en tissu inclinable design nordique Malibu,https://www.produceshop.fr/meubles-interieur/canapes-et-canapes-convertibles/canape-convertible-3-places/clic-clac-3-places-en-tissu/canape-lit-3-places-clic-clac-en-tissu-inclinable-design-nordique-malibu#/10-Couleur-Rouge,Rouge,True,199.95
Canapé convertible 3 places clic clac en tissu inclinable design nordique Malibu,https://www.produceshop.fr/meubles-interieur/canapes-et-canapes-convertibles/canape-convertible-3-places/clic-clac-3-places-en-tissu/canape-lit-3-places-clic-clac-en-tissu-inclinable-design-nordique-malibu#/11-Couleur-Noir,Noir,True,199.95
Canapé convertible 3 places clic clac en tissu inclinable design nordique Malibu,https://www.produceshop.fr/meubles-interieur/canapes-et-canapes-convertibles/canape-convertible-3-places/clic-clac-3-places-en-tissu/canape-lit-3-places-clic-clac-en-tissu-inclinable-design-nordique-malibu#/14-Couleur-Bleu,Bleu,True,199.95
Canapé convertible 3 places clic clac en tissu inclinable design nordique Malibu,https://www.produceshop.fr/meubles-interieur/canapes-et-canapes-convertibles/canape-convertible-3-places/clic-clac-3-places-en-tissu/canape-lit-3-places-clic-clac-en-tissu-inclinable-design-nordique-malibu#/17-Couleur-Marron,Marron,True,199.95
Canapé convertible 3 places clic clac en tissu inclinable design nordique Malibu,https://www.produceshop.fr/meubles-interieur/canapes-et-canapes-convertibles/canape-convertible-3-places/clic-clac-3-places-en-tissu/canape-lit-3-places-clic-clac-en-tissu-inclinable-design-nordique-malibu#/35-Couleur-Gris foncé,Gris foncé,Lundi 13 Mai,199.95
